Comment,Profile URL,Sentiment,ProfileID,PagesLiked
"Promised Land Dairy, please bring back your vanilla-flavored milk.",https://www.facebook.com/hank.stick.1?fref=ufi&rc=p,Positive,100011991467981,"['https://www.facebook.com/timesofisrael/?ref=br_rs', 'https://www.facebook.com/TheComicalConservative/?ref=br_rs', 'https://www.facebook.com/KrisParonto13/?ref=br_rs', 'https://www.facebook.com/keepod/?ref=br_rs', 'https://www.facebook.com/OddCouplesDodo/?ref=br_rs', 'https://www.facebook.com/thedodosite/', 'https://www.facebook.com/Donna-L-Cook-Maury-County-Tn-Commissioner-District-1-654327484624352/?ref=br_rs', 'https://www.facebook.com/search/109662809059878/places-in/1700/places/intersect/', 'https://www.facebook.com/VoteGrossmann/?ref=br_rs', 'https://www.facebook.com/Clearcreek-Township-Police-Department-192556694217342/?ref=br_rs', 'https://www.facebook.com/search/114016035275362/places-in/200121186665577/places/intersect/', 'https://www.facebook.com/NationInDistress/?ref=br_rs', 'https://www.facebook.com/skibootsportgrip/?ref=br_rs', 'https://www.facebook.com/CRIdeasFactory/?ref=br_rs', 'https://www.facebook.com/surfmagazine/?ref=br_rs', 'https://www.facebook.com/TheShowAboutEverthing/?ref=br_rs', 'https://www.facebook.com/realfarmermemes/?ref=br_rs', 'https://www.facebook.com/RunORRRC/?ref=br_rs', 'https://www.facebook.com/search/104023459634857/places-in/186982054657561/places/intersect/', 'https://www.facebook.com/KellySlaterWaveCo/?ref=br_rs', 'https://www.facebook.com/WinningWalk/?ref=br_rs', 'https://www.facebook.com/search/115963528414384/places-in/198503866828628/places/intersect/', 'https://www.facebook.com/tracydawnthompsonmusic/?ref=br_rs', 'https://www.facebook.com/HOSports/?ref=br_rs', 'https://www.facebook.com/search/112518328764079/places-in/193302624020981/places/intersect/', 'https://www.facebook.com/speedyfeet.racing/?ref=br_rs', 'https://www.facebook.com/WurstfestNB/?ref=br_rs', 'https://www.facebook.com/search/113176415363421/places-in/179943432047564/places/intersect/', 'https://www.facebook.com/DMLdaily/?ref=br_rs', 'https://www.facebook.com/molonlabeind/?ref=br_rs', 'https://www.facebook.com/search/108192885869110/places-in/633265613494517/places/intersect/', 'https://www.facebook.com/promisedlanddairy/?ref=br_rs', 'https://www.facebook.com/search/110297742331680/places-in/150108431712141/places/intersect/', 'https://www.facebook.com/visitspacecoast/?ref=br_rs', 'https://www.facebook.com/search/108554729169793/places-in/115725465228008/places/intersect/', 'https://www.facebook.com/UnitedStatesSecretServiceOfficial/?ref=br_rs', 'https://www.facebook.com/search/110184922344060/places-in/161422927240513/places/intersect/', 'https://www.facebook.com/peopleareawesome/?ref=br_rs', 'https://www.facebook.com/oneforIsrael/?ref=br_rs', 'https://www.facebook.com/search/112017418824019/places-in/2603/places/intersect/', 'https://www.facebook.com/JettyParkBeachandCampground/?ref=br_rs', 'https://www.facebook.com/search/112240802126396/places-in/200597389954350/places/intersect/', 'https://www.facebook.com/ussocom/?ref=br_rs', 'https://www.facebook.com/search/105638029469653/places-in/1032965636792826/places/intersect/']"
Does Brookshire‚Äôs carry this brand? I love chocolate milk,https://www.facebook.com/KnitKak?fref=ufi&rc=p,Positive,1328913819,"['https://www.facebook.com/timesofisrael/?ref=br_rs', 'https://www.facebook.com/SoftPawsRescue/?ref=br_rs', 'https://www.facebook.com/search/112227775461223/places-in/170810676298376/places/intersect/', 'https://www.facebook.com/noahs.ark.566/?ref=br_rs', 'https://www.facebook.com/search/108768365814696/places-in/2603/places/intersect/', 'https://www.facebook.com/OldSchoolMedia/?ref=br_rs', 'https://www.facebook.com/gardenquest/?ref=br_rs', 'https://www.facebook.com/clarice.tinsley/?ref=br_rs', 'https://www.facebook.com/search/111762725508574/places-in/1604/places/intersect/', 'https://www.facebook.com/daisycottagedesigns/?ref=br_rs', 'https://www.facebook.com/search/113414322005360/places-in/2202/places/intersect/', 'https://www.facebook.com/BaptistPress/?ref=br_rs', 'https://www.facebook.com/KnotYourNanasCrochet/?ref=br_rs', 'https://www.facebook.com/MyOldPhotos/?ref=br_rs', 'https://www.facebook.com/arbonnestrong/?ref=br_rs', 'https://www.facebook.com/foldthree/?ref=br_rs', 'https://www.facebook.com/search/105988932766243/places-in/2202/places/intersect/']"
The best chocolate milk around.,https://www.facebook.com/kim.elliott.5473?fref=ufi&rc=p,Positive,100000120336848,"['https://www.facebook.com/daniellebreezytv/?ref=br_rs', 'https://www.facebook.com/search/106220079409935/places-in/1605/places/intersect/', 'https://www.facebook.com/ToyotasByMikeMilligan/?ref=br_rs', 'https://www.facebook.com/search/109662809059878/places-in/131962450204676/places/intersect/', 'https://www.facebook.com/Curries-Cuts-Lawn-Care-568813776571498/?ref=br_rs', 'https://www.facebook.com/search/109662809059878/places-in/128853933850116/places/intersect/', 'https://www.facebook.com/yourmovewithandystanley/?ref=br_rs', 'https://www.facebook.com/alignyourmindebook/?ref=br_rs', 'https://www.facebook.com/christyscafe/?ref=br_rs', 'https://www.facebook.com/search/109662809059878/places-in/149803325077018/places/intersect/', 'https://www.facebook.com/CaneySpringBaptistChurch/?ref=br_rs', 'https://www.facebook.com/search/108042555890915/places-in/187714557925874/places/intersect/', 'https://www.facebook.com/PriscillaShirer/?ref=br_rs', 'https://www.facebook.com/Southern-Exposure-Clothing-Apparel-1451320471830050/?ref=br_rs', 'https://www.facebook.com/search/109662809059878/places-in/186982054657561/places/intersect/', 'https://www.facebook.com/pigeonforgetncabins/?ref=br_rs', 'https://www.facebook.com/search/104013436301657/places-in/213629078651577/places/intersect/', 'https://www.facebook.com/AnimalAdventurePark/?ref=br_rs', 'https://www.facebook.com/search/114665668544983/places-in/191523214199822/places/intersect/', 'https://www.facebook.com/Smoke-Showin-Outdoors-1167190876643138/?ref=br_rs', 'https://www.facebook.com/PJWreaths/?ref=br_rs', 'https://www.facebook.com/search/112443448766763/places-in/192647794097278/places/intersect/', 'https://www.facebook.com/MattressInn/?ref=br_rs', 'https://www.facebook.com/search/103811056324728/places-in/162845797101278/places/intersect/', 'https://www.facebook.com/LazyDaisyLawrenceburg/?ref=br_rs', 'https://www.facebook.com/search/105620656138984/places-in/162845797101278/places/intersect/', 'https://www.facebook.com/pinkporchcolumbia/?ref=br_rs', 'https://www.facebook.com/search/109662809059878/places-in/288846958171402/places/intersect/', 'https://www.facebook.com/The-Kut-Off-Hair-Salon-267071813316592/?ref=br_rs', 'https://www.facebook.com/search/107906669230287/places-in/174177802634376/places/intersect/', 'https://www.facebook.com/specialtouch.tv/?ref=br_rs', 'https://www.facebook.com/search/108508692506886/places-in/196285793716152/places/intersect/', 'https://www.facebook.com/crazycoolthreads/?ref=br_rs', 'https://www.facebook.com/search/112839552063398/places-in/2209/places/intersect/', 'https://www.facebook.com/Bakeushappy/?ref=br_rs', 'https://www.facebook.com/search/109662809059878/places-in/187827497907070/places/intersect/', 'https://www.facebook.com/Harveys-GYM-115818221773634/?ref=br_rs', 'https://www.facebook.com/search/109662809059878/places-in/184405378265823/places/intersect/', 'https://www.facebook.com/pastorrickwarren/?ref=br_rs', 'https://www.facebook.com/search/108247155863632/places-in/1602/places/intersect/', 'https://www.facebook.com/womenshealthgrouptn/?ref=br_rs', 'https://www.facebook.com/search/109662809059878/places-in/127772663958428/places/intersect/', 'https://www.facebook.com/timsfordlake/?ref=br_rs', 'https://www.facebook.com/search/104080156295647/places-in/186982054657561/places/intersect/', 'https://www.facebook.com/southernwithgrace/?ref=br_rs', 'https://www.facebook.com/search/111959155481855/places-in/192647794097278/places/intersect/', 'https://www.facebook.com/SECcountry/?ref=br_rs', 'https://www.facebook.com/scottsstitches/?ref=br_rs', 'https://www.facebook.com/search/109662809059878/places-in/185127444860544/places/intersect/', 'https://www.facebook.com/BethMooreMinistries/?ref=br_rs', 'https://www.facebook.com/search/115963528414384/places-in/2603/places/intersect/', 'https://www.facebook.com/freshstep/?ref=br_rs', 'https://www.facebook.com/ColumbiaStateAlumni/?ref=br_rs', 'https://www.facebook.com/search/109662809059878/places-in/147714868971098/places/intersect/', 'https://www.facebook.com/naturevalley/?ref=br_rs', 'https://www.facebook.com/search/106300959405546/places-in/2252/places/intersect/', 'https://www.facebook.com/WBIRChannel10/?ref=br_rs', 'https://www.facebook.com/search/108508692506886/places-in/169056916473899/places/intersect/', 'https://www.facebook.com/brendafoxphotography/?ref=br_rs', 'https://www.facebook.com/search/103811056324728/places-in/115725465228008/places/intersect/', 'https://www.facebook.com/209CustomDesigns/?ref=br_rs', 'https://www.facebook.com/search/112702005410951/places-in/200600219953504/places/intersect/', 'https://www.facebook.com/fbifarmercharlie/?ref=br_rs', 'https://www.facebook.com/Gaithermusic/?ref=br_rs', 'https://www.facebook.com/search/104015809635454/places-in/1211/places/intersect/', 'https://www.facebook.com/1047TheFish/?ref=br_rs', 'https://www.facebook.com/search/107991659233606/places-in/1210/places/intersect/', 'https://www.facebook.com/Shoal-Creek-Hidden-Getaway-540055849363819/?ref=br_rs', 'https://www.facebook.com/search/106073289424135/places-in/164243073639257/places/intersect/', 'https://www.facebook.com/wpccolumbiatn/?ref=br_rs', 'https://www.facebook.com/search/109662809059878/places-in/187714557925874/places/intersect/', 'https://www.facebook.com/robertstoyota/?ref=br_rs', 'https://www.facebook.com/NCSAsports/?ref=br_rs', 'https://www.facebook.com/search/108659242498155/places-in/2201/places/intersect/', 'https://www.facebook.com/AuntBugsCabinRentals/?ref=br_rs', 'https://www.facebook.com/search/104013436301657/places-in/192686080759400/places/intersect/']"
Best chocolate milk ever!!!,https://www.facebook.com/michelle.m.hinshaw?fref=ufi&rc=p,Positive,1055212304,"['https://www.facebook.com/The-Auto-Doctor-of-Boonville-504696969694255/?ref=br_rs', 'https://www.facebook.com/search/109628752390163/places-in/149998721725634/places/intersect/', 'https://www.facebook.com/The-Yadkin-Valley-News-118009514884378/?ref=br_rs', 'https://www.facebook.com/search/107983339221862/places-in/169056916473899/places/intersect/', 'https://www.facebook.com/FordPerformance/?ref=br_rs', 'https://www.facebook.com/search/112423512103789/places-in/2240/places/intersect/', 'https://www.facebook.com/TeamJFR/?ref=br_rs', 'https://www.facebook.com/search/103115089729044/places-in/180410821995109/places/intersect/', 'https://www.facebook.com/systemofadown/?ref=br_rs', 'https://www.facebook.com/acdc/?ref=br_rs', 'https://www.facebook.com/CarolinaPanthers/?ref=br_rs', 'https://www.facebook.com/search/105715936129053/places-in/152678898477239/places/intersect/', 'https://www.facebook.com/OfficialDuckCommander/?ref=br_rs', 'https://www.facebook.com/search/103736806331114/places-in/153490828039067/places/intersect/', 'https://www.facebook.com/traxxas/?ref=br_rs', 'https://www.facebook.com/search/105527682814769/places-in/200600219953504/places/intersect/', 'https://www.facebook.com/FreedomWorks/?ref=br_rs', 'https://www.facebook.com/search/110184922344060/places-in/373543049350668/places/intersect/', 'https://www.facebook.com/Eugenie-Bouchard-199243406766349/?ref=br_rs', 'https://www.facebook.com/search/102184499823699/places-in/1600/places/intersect/', 'https://www.facebook.com/GlennBeck/?ref=br_rs', 'https://www.facebook.com/search/111762725508574/places-in/1602/places/intersect/']"
Great chocolate milk!!,https://www.facebook.com/profile.php?id=100009810795728&fref=ufi&rc=p,Positive,100009810795728,"['https://www.facebook.com/treasuregardenpreschool/?ref=br_rs', 'https://www.facebook.com/search/106228196075290/places-in/180551801986954/places/intersect/', 'https://www.facebook.com/Gorgeous-kids-1957829657828250/?ref=br_rs', 'https://www.facebook.com/HopeInRecoveryNOW/?ref=br_rs', 'https://www.facebook.com/search/104048939631725/places-in/1602/places/intersect/', 'https://www.facebook.com/meowandpaw/?ref=br_rs', 'https://www.facebook.com/search/109294489096511/places-in/170810676298376/places/intersect/', 'https://www.facebook.com/cdctobaccofree/?ref=br_rs', 'https://www.facebook.com/search/107991659233606/places-in/161422927240513/places/intersect/', 'https://www.facebook.com/newsnercom/?ref=br_rs', 'https://www.facebook.com/search/106505586052951/places-in/2233/places/intersect/', 'https://www.facebook.com/Its-Your-Wellness-Own-It-494203024112496/?ref=br_rs', 'https://www.facebook.com/LawOfficesofJamesScottFarrin/?ref=br_rs', 'https://www.facebook.com/search/105527782815125/places-in/1099402320124913/places/intersect/', 'https://www.facebook.com/newlypressnews/?ref=br_rs', 'https://www.facebook.com/BlueCrossNC/?ref=br_rs', 'https://www.facebook.com/search/105527782815125/places-in/2236/places/intersect/', 'https://www.facebook.com/fox8news/?ref=br_rs', 'https://www.facebook.com/search/108202589207121/places-in/1404/places/intersect/', 'https://www.facebook.com/Hillary-Clinton-Sucks-243558409135842/?ref=br_rs']"
Reading all these comments make me wanna go get some right now...üòÜ,https://www.facebook.com/linda.caylor.16?fref=ufi&rc=p,Positive,100005136133373,"['https://www.facebook.com/MichaelFeinsteinOfficial/?ref=br_rs', 'https://www.facebook.com/foodbyshared/?ref=br_rs', 'https://www.facebook.com/search/109870912368806/places-in/2233/places/intersect/', 'https://www.facebook.com/BAGSUNLIMITEDINC/?ref=br_rs', 'https://www.facebook.com/search/107611279261754/places-in/2239/places/intersect/', 'https://www.facebook.com/RodneyCrowellOfficial/?ref=br_rs', 'https://www.facebook.com/LadyDianaFrancesSpencer/?ref=br_rs', 'https://www.facebook.com/search/103729399666081/places-in/1602/places/intersect/', 'https://www.facebook.com/LaurelAndHardyForum/?ref=br_rs', 'https://www.facebook.com/FaberCastellUSA/?ref=br_rs', 'https://www.facebook.com/search/106338002735968/places-in/2201/places/intersect/', 'https://www.facebook.com/vixdotcom/?ref=br_rs', 'https://www.facebook.com/romanticmusicarea2/?ref=br_rs', 'https://www.facebook.com/search/106012156106461/places-in/792007097567368/places/intersect/', 'https://www.facebook.com/OfficialCopperChef/?ref=br_rs', 'https://www.facebook.com/heartvalvesurgery/?ref=br_rs', 'https://www.facebook.com/search/109925612366788/places-in/145118935550090/places/intersect/', 'https://www.facebook.com/HealthImpulse.net/?ref=br_rs']"
If you like shakes you will LOVE this. So thick and sweet. All flavors are GREAT!!!!!!,https://www.facebook.com/teresa.michael.395?fref=ufi&rc=p,Positive,100005144110914,"['https://www.facebook.com/foodbyshared/?ref=br_rs', 'https://www.facebook.com/search/109870912368806/places-in/2233/places/intersect/', 'https://www.facebook.com/BikersAlley/?ref=br_rs', 'https://www.facebook.com/search/109558902403552/places-in/186230924744328/places/intersect/', 'https://www.facebook.com/ThinkingHumanity/?ref=br_rs', 'https://www.facebook.com/DrDubrow/?ref=br_rs', 'https://www.facebook.com/search/109419232410281/places-in/228143393877753/places/intersect/', 'https://www.facebook.com/eugeniekitchen/?ref=br_rs', 'https://www.facebook.com/search/111070818917271/places-in/2717/places/intersect/', 'https://www.facebook.com/NorthWestKardashiian/?ref=br_rs', 'https://www.facebook.com/PurpleFlowerSwati/?ref=br_rs', 'https://www.facebook.com/search/111948542155151/places-in/1602/places/intersect/', 'https://www.facebook.com/OfficialLyndaCarter/?ref=br_rs', 'https://www.facebook.com/CaitlynJenner/?ref=br_rs', 'https://www.facebook.com/vixdotcom/?ref=br_rs', 'https://www.facebook.com/spicysouthernkitchen/?ref=br_rs', 'https://www.facebook.com/KimbleHairStudio/?ref=br_rs']"
This is about the best stuff i ever had..amazing,https://www.facebook.com/rick.collura?fref=ufi&rc=p,Positive,1540091514,"['https://www.facebook.com/DAngelicoNY/?ref=br_rs', 'https://www.facebook.com/search/108424279189115/places-in/1204/places/intersect/', 'https://www.facebook.com/OliviaPinUpArt/?ref=br_rs', 'https://www.facebook.com/search/103773476328730/places-in/1601/places/intersect/', 'https://www.facebook.com/ClassicCarLiquidators/?ref=br_rs', 'https://www.facebook.com/search/111869005497333/places-in/131962450204676/places/intersect/', 'https://www.facebook.com/smoothfm953/?ref=br_rs', 'https://www.facebook.com/search/107513845950771/places-in/169056916473899/places/intersect/', 'https://www.facebook.com/spreadmusicnow/?ref=br_rs', 'https://www.facebook.com/search/108150345879464/places-in/226326230802065/places/intersect/', 'https://www.facebook.com/ThinkingHumanity/?ref=br_rs', 'https://www.facebook.com/RestaurArs/?ref=br_rs', 'https://www.facebook.com/search/110917098929686/places-in/2701/places/intersect/', 'https://www.facebook.com/peacefulcentury/?ref=br_rs', 'https://www.facebook.com/jazzinbayern/?ref=br_rs', 'https://www.facebook.com/FirestoneTires/?ref=br_rs', 'https://www.facebook.com/SheilaEDrummer/?ref=br_rs', 'https://www.facebook.com/thatslifeMag/?ref=br_rs']"
Best chocolate milk!!,https://www.facebook.com/lisa.thompsonbaire?fref=ufi&rc=p,Positive,1357849481,[]
I love this milk!,https://www.facebook.com/tylenr.crews?fref=ufi&rc=p,Positive,100017605682749,[]
Best chocolate milk,https://www.facebook.com/dleewinnie?fref=ufi&rc=p,Positive,754138583,"['https://www.facebook.com/foodbyshared/?ref=br_rs', 'https://www.facebook.com/search/109870912368806/places-in/2233/places/intersect/', 'https://www.facebook.com/shopjernigans/?ref=br_rs', 'https://www.facebook.com/search/103108749730033/places-in/191647907538150/places/intersect/', 'https://www.facebook.com/abcpediatricsdunn/?ref=br_rs', 'https://www.facebook.com/search/103108749730033/places-in/132003726865268/places/intersect/', 'https://www.facebook.com/kendalebowlinglanes/?ref=br_rs', 'https://www.facebook.com/search/104033616299542/places-in/182582091788254/places/intersect/', 'https://www.facebook.com/SmurfsMovie/?ref=br_rs', 'https://www.facebook.com/pleasantgroveOFWB/?ref=br_rs', 'https://www.facebook.com/search/103108749730033/places-in/199819723365845/places/intersect/', 'https://www.facebook.com/awesometeachertshirts/?ref=br_rs', 'https://www.facebook.com/Morgan-Family-Farms-141728762509481/?ref=br_rs', 'https://www.facebook.com/search/107788292584652/places-in/189323644423254/places/intersect/', 'https://www.facebook.com/Taste-Of-Heaven-Campground-162668493768541/?ref=br_rs', 'https://www.facebook.com/search/103108749730033/places-in/187004854667366/places/intersect/', 'https://www.facebook.com/neekoscrittercozies/?ref=br_rs', 'https://www.facebook.com/search/104033616299542/places-in/144982405562750/places/intersect/', 'https://www.facebook.com/GailsCreativeArt/?ref=br_rs', 'https://www.facebook.com/Everybeautydeservesacrown/?ref=br_rs', 'https://www.facebook.com/search/104033616299542/places-in/440293872820865/places/intersect/']"
Love all flavors,https://www.facebook.com/danelle.lewisnixon?fref=ufi&rc=p,Positive,100003324615103,"['https://www.facebook.com/diplytrending/?ref=br_rs', 'https://www.facebook.com/SandraLaFlammeRealtor/?ref=br_rs', 'https://www.facebook.com/search/113519498662756/places-in/196739023685716/places/intersect/', 'https://www.facebook.com/JesusChrist.Savior/?ref=br_rs', 'https://www.facebook.com/JackpotPartyCasinoCommunity/?ref=br_rs', 'https://www.facebook.com/ftgswebsite/?ref=br_rs', 'https://www.facebook.com/Angel.vs.Me/?ref=br_rs', 'https://www.facebook.com/search/108424279189115/places-in/129417183848258/places/intersect/', 'https://www.facebook.com/Funandrunn/?ref=br_rs', 'https://www.facebook.com/ProvidrMedia/?ref=br_rs', 'https://www.facebook.com/Love-Transforms-You-226121674122604/?ref=br_rs', 'https://www.facebook.com/sarcasmLOL/?ref=br_rs', 'https://www.facebook.com/DragonplaySlotCity/?ref=br_rs', 'https://www.facebook.com/mymiddlenameistrouble/?ref=br_rs', 'https://www.facebook.com/search/108424279189115/places-in/2705/places/intersect/']"
Looks good,https://www.facebook.com/johnodell55?fref=ufi&rc=p,Positive,100006148356616,"['https://www.facebook.com/rushionmcdonald/?ref=br_rs', 'https://www.facebook.com/jonathan.moseley2/?ref=br_rs', 'https://www.facebook.com/PollsToCongress/?ref=br_rs', 'https://www.facebook.com/search/105540216147364/places-in/2233/places/intersect/', 'https://www.facebook.com/frogonalimb/?ref=br_rs', 'https://www.facebook.com/search/104034432966732/places-in/187679647929203/places/intersect/', 'https://www.facebook.com/Americansorg/?ref=br_rs', 'https://www.facebook.com/search/112104655472709/places-in/169056916473899/places/intersect/', 'https://www.facebook.com/Curiosity-Consignment-457064651039303/?ref=br_rs', 'https://www.facebook.com/search/104128372958248/places-in/205429726142620/places/intersect/', 'https://www.facebook.com/holidayswithmichele/?ref=br_rs', 'https://www.facebook.com/search/106072972756807/places-in/1602/places/intersect/', 'https://www.facebook.com/humancoalition/?ref=br_rs', 'https://www.facebook.com/search/111762725508574/places-in/2603/places/intersect/', 'https://www.facebook.com/SonOfGodMovie/?ref=br_rs', 'https://www.facebook.com/senatormikelee/?ref=br_rs', 'https://www.facebook.com/search/110184922344060/places-in/1701/places/intersect/', 'https://www.facebook.com/ConservativeBookClub/?ref=br_rs', 'https://www.facebook.com/firstladyjakes/?ref=br_rs', 'https://www.facebook.com/search/111762725508574/places-in/1602/places/intersect/']"
Best ever!! So so good!!,https://www.facebook.com/michelle.henry.75?fref=ufi&rc=p,Positive,1000411192,[]
Best chocolate milk ever so good,https://www.facebook.com/leighann.ashley?fref=ufi&rc=p,Positive,100000020440409,"['https://www.facebook.com/SmokyMountainBuildingsNewport/?ref=br_rs', 'https://www.facebook.com/search/109532159073404/places-in/200600219953504/places/intersect/', 'https://www.facebook.com/pages/Sevierville-Tennessee/103693259669093?ref=br_rs', 'https://www.facebook.com/search/103693259669093/places-in/2404/places/intersect/', 'https://www.facebook.com/SmurfsMovie/?ref=br_rs', 'https://www.facebook.com/OUATWonderland/?ref=br_rs', 'https://www.facebook.com/JesusChrist.Savior/?ref=br_rs', 'https://www.facebook.com/newenglandpatriots247/?ref=br_rs', 'https://www.facebook.com/search/106003956105810/places-in/2233/places/intersect/', 'https://www.facebook.com/coltondixonmusic/?ref=br_rs', 'https://www.facebook.com/firstclasswed/?ref=br_rs', 'https://www.facebook.com/search/108249345862917/places-in/191173027579272/places/intersect/', 'https://www.facebook.com/ZumisLabs/?ref=br_rs', 'https://www.facebook.com/search/111856475493743/places-in/144982405562750/places/intersect/', 'https://www.facebook.com/causes/?ref=br_rs', 'https://www.facebook.com/search/114952118516947/places-in/2202/places/intersect/', 'https://www.facebook.com/ShipCaptainSwan/?ref=br_rs', 'https://www.facebook.com/Rondacars/?ref=br_rs', 'https://www.facebook.com/search/113134195367644/places-in/2706/places/intersect/']"
Best chocolate milk ever. I by as a treat to myself.,https://www.facebook.com/jennifer.scottgreen.3?fref=ufi&rc=p,Positive,650898171678963,"['https://www.facebook.com/thefootballrepublic/?ref=br_rs', 'https://www.facebook.com/SquawkaFootballNews/?ref=br_rs', 'https://www.facebook.com/FullTimeDEVILS/?ref=br_rs', 'https://www.facebook.com/RGalacticos/?ref=br_rs', 'https://www.facebook.com/BlueMoonRisingTV/?ref=br_rs', 'https://www.facebook.com/NouNation/?ref=br_rs']"
Best chocolate milk ever love love this stuff,https://www.facebook.com/jennifurlvp?fref=ufi&rc=p,Positive,548159322,"['https://www.facebook.com/SistersMovieOfficial/?ref=br_rs', 'https://www.facebook.com/MuddbonesTx/?ref=br_rs', 'https://www.facebook.com/search/112407855437787/places-in/149803325077018/places/intersect/', 'https://www.facebook.com/UnrealOnLifetime/?ref=br_rs', 'https://www.facebook.com/PeppermintDentalGreenville/?ref=br_rs', 'https://www.facebook.com/search/104089692960137/places-in/116306972128008/places/intersect/', 'https://www.facebook.com/pages/Luna-Azul/105027229539933?ref=br_rs', 'https://www.facebook.com/search/112407855437787/places-in/199377230079198/places/intersect/', 'https://www.facebook.com/awbeemanrealtor/?ref=br_rs', 'https://www.facebook.com/search/112494505431102/places-in/196739023685716/places/intersect/', 'https://www.facebook.com/thebettermom/?ref=br_rs', 'https://www.facebook.com/wwe/?ref=br_rs', 'https://www.facebook.com/search/103133213059698/places-in/124584130946507/places/intersect/', 'https://www.facebook.com/lovewhatreallymatters/?ref=br_rs', 'https://www.facebook.com/search/108424279189115/places-in/2233/places/intersect/', 'https://www.facebook.com/ghostridermovie/?ref=br_rs', 'https://www.facebook.com/upfriendlymedia/?ref=br_rs', 'https://www.facebook.com/NBCTheVoice/?ref=br_rs']"
"This is my favorite chocolate milk in the whole wide world, it always hit the spot.",https://www.facebook.com/felicia.smith.313371?fref=ufi&rc=p,Positive,100001017680011,"['https://www.facebook.com/KingdomCultureChurchPalmBay/?ref=br_rs', 'https://www.facebook.com/search/103781622993969/places-in/187714557925874/places/intersect/', 'https://www.facebook.com/shooffkutsandaccessories/?ref=br_rs', 'https://www.facebook.com/search/108127182549256/places-in/169758603141095/places/intersect/', 'https://www.facebook.com/PEICorp/?ref=br_rs', 'https://www.facebook.com/search/110148382341970/places-in/2239/places/intersect/', 'https://www.facebook.com/ChristGlorifiedMusik/?ref=br_rs', 'https://www.facebook.com/ZackStrudelART/?ref=br_rs', 'https://www.facebook.com/search/108127182549256/places-in/197384240287028/places/intersect/', 'https://www.facebook.com/accesstaxconsulting/?ref=br_rs', 'https://www.facebook.com/search/112496498765132/places-in/133381803394214/places/intersect/', 'https://www.facebook.com/first.name.meanings/?ref=br_rs', 'https://www.facebook.com/search/109665639060246/places-in/2202/places/intersect/', 'https://www.facebook.com/IamAddictedToYou/?ref=br_rs', 'https://www.facebook.com/search/110970792260960/places-in/2233/places/intersect/', 'https://www.facebook.com/pages/Floridas-Blood-Centers/163427457016991?ref=br_rs', 'https://www.facebook.com/search/106149149416964/places-in/186236611410712/places/intersect/', 'https://www.facebook.com/BoyzNtheHood/?ref=br_rs', 'https://www.facebook.com/demarcobridal/?ref=br_rs', 'https://www.facebook.com/mymarriageisbeautiful/?ref=br_rs']"
That is the best milk I have ever had.,https://www.facebook.com/melissa.bodine.75?fref=ufi&rc=p,Positive,1359241360,[]
I love this chocolate milk! üëçüòÅ it‚Äôs the best,https://www.facebook.com/madonna.ivy.1?fref=ufi&rc=p,Positive,100002641445433,"['https://www.facebook.com/GeneralHospitalSpoilers/?ref=br_rs', 'https://www.facebook.com/daniellebreezytv/?ref=br_rs', 'https://www.facebook.com/search/106220079409935/places-in/1605/places/intersect/', 'https://www.facebook.com/williamsoncountynews/?ref=br_rs', 'https://www.facebook.com/headlightrest/?ref=br_rs', 'https://www.facebook.com/search/108278912529442/places-in/162295707155272/places/intersect/', 'https://www.facebook.com/FvHSuac/?ref=br_rs', 'https://www.facebook.com/Baseball-Mom-782926125076108/?ref=br_rs', 'https://www.facebook.com/thechewonabc/?ref=br_rs', 'https://www.facebook.com/rdjones1972/?ref=br_rs', 'https://www.facebook.com/search/111991738816991/places-in/1700/places/intersect/', 'https://www.facebook.com/Creekside-Cottage-Retreat-976317932387558/?ref=br_rs', 'https://www.facebook.com/ryesfurniture/?ref=br_rs', 'https://www.facebook.com/search/108278912529442/places-in/162845797101278/places/intersect/', 'https://www.facebook.com/TENNSTARAUTOMOTIVE/?ref=br_rs', 'https://www.facebook.com/search/109662809059878/places-in/131962450204676/places/intersect/', 'https://www.facebook.com/NBCTheVoice/?ref=br_rs']"
"The best EVER!! üòçüòçüòç unfortunately, recent events have caused a series of cluster migraines that sent me to the ER. Now I have to stay away from migraine triggers... Chocolate is at the top of the list. üíîüíîüíî",https://www.facebook.com/toja.smith?fref=ufi&rc=p,Positive,671507068,[]
"My FAVORITE BRAND OF MILK.  I've had it for years, then suddenly Wal-Mart stopped carrying it.  I wrote to the company.  I feel that their CHRISTIAN STANDARDS along with a MEMORY VERSE on the Bottle makes it JUST WHAT DR. J.C. ordered.  Get it today.  Shalom/wrh",https://www.facebook.com/bonnie.kingmoran?fref=ufi&rc=p,Positive,1052888038,[]
I wish our local Kroger would carry this milk they use to and we love it now we have to travel to the next county to find it.,https://www.facebook.com/terri.hill.906?fref=ufi&rc=p,Positive,100002198327077,"['https://www.facebook.com/bunkhousecamper/?ref=br_rs', 'https://www.facebook.com/search/107574809272403/places-in/2258/places/intersect/', 'https://www.facebook.com/coffeecountyrescuesquad/?ref=br_rs', 'https://www.facebook.com/search/105558369477103/places-in/163102447071743/places/intersect/', 'https://www.facebook.com/lincolncountyfairtn/?ref=br_rs', 'https://www.facebook.com/search/108693499154396/places-in/179943432047564/places/intersect/', 'https://www.facebook.com/MossyOak/?ref=br_rs', 'https://www.facebook.com/JesusChrist.Savior/?ref=br_rs', 'https://www.facebook.com/juddmathenyforcongress/?ref=br_rs', 'https://www.facebook.com/laurenslatest/?ref=br_rs', 'https://www.facebook.com/OffGridInsights/?ref=br_rs', 'https://www.facebook.com/Susie-Q-Luther-865464836862787/?ref=br_rs', 'https://www.facebook.com/search/108347462523015/places-in/1602/places/intersect/', 'https://www.facebook.com/Macksonhammocks/?ref=br_rs', 'https://www.facebook.com/search/104086549629294/places-in/200600219953504/places/intersect/', 'https://www.facebook.com/everydaysurvivalskills/?ref=br_rs', 'https://www.facebook.com/N8tiveArts/?ref=br_rs', 'https://www.facebook.com/TheShredNation/?ref=br_rs', 'https://www.facebook.com/smallbizrev/?ref=br_rs', 'https://www.facebook.com/lynchburgmotorcyclerally/?ref=br_rs', 'https://www.facebook.com/preppedsurvivalist/?ref=br_rs', 'https://www.facebook.com/PickettsProduceAndGreenhouse/?ref=br_rs', 'https://www.facebook.com/search/104080156295647/places-in/193271047368648/places/intersect/', 'https://www.facebook.com/Bikers-for-America-1404992459722665/?ref=br_rs', 'https://www.facebook.com/proverbs31inpsalms31world/?ref=br_rs', 'https://www.facebook.com/Everest-Outdoor-Gear-1637578936546764/?ref=br_rs', 'https://www.facebook.com/NoogaStrongRide/?ref=br_rs', 'https://www.facebook.com/TopOTheRiver/?ref=br_rs', 'https://www.facebook.com/search/112844022062743/places-in/163300367054197/places/intersect/', 'https://www.facebook.com/TENNSTARAUTOMOTIVE/?ref=br_rs', 'https://www.facebook.com/search/109662809059878/places-in/131962450204676/places/intersect/', 'https://www.facebook.com/loveridingmymotorcycle/?ref=br_rs', 'https://www.facebook.com/hotbike/?ref=br_rs', 'https://www.facebook.com/CopelandNetwork/?ref=br_rs', 'https://www.facebook.com/search/106041296092950/places-in/192134360811676/places/intersect/', 'https://www.facebook.com/factorydirectcraft/?ref=br_rs', 'https://www.facebook.com/search/114016035275362/places-in/153635828025130/places/intersect/', 'https://www.facebook.com/DwayneJohnson/?ref=br_rs', 'https://www.facebook.com/OneCountry/?ref=br_rs', 'https://www.facebook.com/promisedlanddairy/?ref=br_rs', 'https://www.facebook.com/search/110297742331680/places-in/150108431712141/places/intersect/', 'https://www.facebook.com/rarejournal/?ref=br_rs', 'https://www.facebook.com/search/110184922344060/places-in/2233/places/intersect/', 'https://www.facebook.com/DiscoverJacksonNC/?ref=br_rs', 'https://www.facebook.com/search/103129493060657/places-in/124947834245370/places/intersect/', 'https://www.facebook.com/DealDash/?ref=br_rs', 'https://www.facebook.com/search/109334355759240/places-in/200046713342752/places/intersect/', 'https://www.facebook.com/InnermostHouse/?ref=br_rs', 'https://www.facebook.com/search/107636002599292/places-in/2603/places/intersect/', 'https://www.facebook.com/AlienGearHolsters/?ref=br_rs', 'https://www.facebook.com/search/107622052593692/places-in/165823830131654/places/intersect/', 'https://www.facebook.com/Ammocanmanpage/?ref=br_rs', 'https://www.facebook.com/search/105999022764159/places-in/186982054657561/places/intersect/', 'https://www.facebook.com/adventurebikerider/?ref=br_rs', 'https://www.facebook.com/search/111716088855442/places-in/2233/places/intersect/', 'https://www.facebook.com/SkilledSurvivalSite/?ref=br_rs', 'https://www.facebook.com/AWMAmerica/?ref=br_rs', 'https://www.facebook.com/victoraxeandtool/?ref=br_rs', 'https://www.facebook.com/AmericanMotorcyclist/?ref=br_rs', 'https://www.facebook.com/search/106084616088726/places-in/2603/places/intersect/', 'https://www.facebook.com/AARPForemost/?ref=br_rs', 'https://www.facebook.com/VinDiesel/?ref=br_rs', 'https://www.facebook.com/TennesseeStrawberryFestival/?ref=br_rs', 'https://www.facebook.com/search/106079242756717/places-in/2603/places/intersect/', 'https://www.facebook.com/sportsmansguide/?ref=br_rs', 'https://www.facebook.com/search/106619062707965/places-in/165823830131654/places/intersect/', 'https://www.facebook.com/TheGospelStation/?ref=br_rs', 'https://www.facebook.com/search/112811848732127/places-in/1210/places/intersect/', 'https://www.facebook.com/larrysbbqtn/?ref=br_rs', 'https://www.facebook.com/search/112057172145047/places-in/150534008338515/places/intersect/', 'https://www.facebook.com/NRA/?ref=br_rs', 'https://www.facebook.com/search/109373825756448/places-in/2603/places/intersect/', 'https://www.facebook.com/jpcycles/?ref=br_rs', 'https://www.facebook.com/Raven-Survival-655117604669771/?ref=br_rs', 'https://www.facebook.com/HomesteaderSupply/?ref=br_rs', 'https://www.facebook.com/search/105759042790771/places-in/200600219953504/places/intersect/', 'https://www.facebook.com/NineLineApparel/?ref=br_rs', 'https://www.facebook.com/search/104019619634224/places-in/186230924744328/places/intersect/', 'https://www.facebook.com/kandgcycles/?ref=br_rs', 'https://www.facebook.com/search/112131982132741/places-in/153060148443004/places/intersect/', 'https://www.facebook.com/JesusDaily/?ref=br_rs']"
"Micheal Nehemiah-Brinkley Owens read the comments. Wasn't it you I told you this is the best chocolate milk ever? If it wasn't you I told, then now you know this is the best chocolate milk ever.",https://www.facebook.com/misstrishaj?fref=ufi&rc=p,Positive,892905460,[]
Best chocolate milk I've ever had.,https://www.facebook.com/cathy.barrett.100?fref=ufi&rc=p,Positive,1211515850,[]
Best chocolate milk I've ever had,https://www.facebook.com/annie.smithey.5?fref=ufi&rc=p,Positive,650898171678963,"['https://www.facebook.com/thefootballrepublic/?ref=br_rs', 'https://www.facebook.com/SquawkaFootballNews/?ref=br_rs', 'https://www.facebook.com/FullTimeDEVILS/?ref=br_rs', 'https://www.facebook.com/RGalacticos/?ref=br_rs', 'https://www.facebook.com/BlueMoonRisingTV/?ref=br_rs', 'https://www.facebook.com/NouNation/?ref=br_rs']"
Love it. My favorite chocolate milk. I get it every time I go in Publix,https://www.facebook.com/april.roberts.18659?fref=ufi&rc=p,Positive,100001617002866,"['https://www.facebook.com/Shenandoahcountryq102/?ref=br_rs', 'https://www.facebook.com/search/103112533062687/places-in/169056916473899/places/intersect/', 'https://www.facebook.com/HernandoSheriff/?ref=br_rs', 'https://www.facebook.com/search/108068345888279/places-in/153297678056879/places/intersect/', 'https://www.facebook.com/bestfishingfails/?ref=br_rs', 'https://www.facebook.com/Shane-Hanchey-121710634537554/?ref=br_rs', 'https://www.facebook.com/search/103107933062319/places-in/1600/places/intersect/', 'https://www.facebook.com/Gator-Family-240365219497528/?ref=br_rs', 'https://www.facebook.com/GilletteChris/?ref=br_rs']"
Best chocolate milk I‚Äôve ever drank. You can get it at Wal_Mart.,https://www.facebook.com/mickie.fuller.54?fref=ufi&rc=p,Positive,650898171678963,"['https://www.facebook.com/thefootballrepublic/?ref=br_rs', 'https://www.facebook.com/SquawkaFootballNews/?ref=br_rs', 'https://www.facebook.com/FullTimeDEVILS/?ref=br_rs', 'https://www.facebook.com/RGalacticos/?ref=br_rs', 'https://www.facebook.com/BlueMoonRisingTV/?ref=br_rs', 'https://www.facebook.com/NouNation/?ref=br_rs']"
I wish Promised Land would bring back ‚Äú cookies and cream ‚Äú flavor it was so good,https://www.facebook.com/alex.krolikowski.9?fref=ufi&rc=p,Positive,1670690010,"['https://www.facebook.com/smallengineparts/?ref=br_rs', 'https://www.facebook.com/search/103115829728894/places-in/153490828039067/places/intersect/', 'https://www.facebook.com/Omnitracs/?ref=br_rs', 'https://www.facebook.com/NettlesSausage/?ref=br_rs', 'https://www.facebook.com/search/113262008687508/places-in/181564868547915/places/intersect/', 'https://www.facebook.com/volvotruckguy/?ref=br_rs', 'https://www.facebook.com/search/105551746145708/places-in/128232937246338/places/intersect/', 'https://www.facebook.com/FortMyersAuctionCo/?ref=br_rs', 'https://www.facebook.com/search/108581482500410/places-in/192422584121096/places/intersect/', 'https://www.facebook.com/MossyOak/?ref=br_rs', 'https://www.facebook.com/LegendaryBigRig/?ref=br_rs', 'https://www.facebook.com/FLTruckSalesLLC/?ref=br_rs', 'https://www.facebook.com/search/113414322005360/places-in/131962450204676/places/intersect/', 'https://www.facebook.com/RyderSystemInc/?ref=br_rs', 'https://www.facebook.com/search/110148382341970/places-in/152367304818850/places/intersect/', 'https://www.facebook.com/RevolutionPerformance/?ref=br_rs', 'https://www.facebook.com/search/109389985746062/places-in/149998721725634/places/intersect/', 'https://www.facebook.com/TheDixiePickers/?ref=br_rs', 'https://www.facebook.com/search/109342255752091/places-in/131962450204676/places/intersect/', 'https://www.facebook.com/Classy-Chassis-Custom-Truck-Conversions-Auto-Body-152873031406184/?ref=br_rs', 'https://www.facebook.com/search/103719419666344/places-in/625688294262999/places/intersect/']"
This is the best milk period! I drive to Publix just to buy Promised Land milk.,https://www.facebook.com/lauririchie.hudson?fref=ufi&rc=p,Positive,100000152077701,"['https://www.facebook.com/chrisknightmusic/?ref=br_rs', 'https://www.facebook.com/WardDavisOfficial/?ref=br_rs', 'https://www.facebook.com/vintage1889/?ref=br_rs', 'https://www.facebook.com/search/108018039221410/places-in/149803325077018/places/intersect/', 'https://www.facebook.com/fansofhank/?ref=br_rs', 'https://www.facebook.com/ElCerritoMexicanGrill/?ref=br_rs', 'https://www.facebook.com/search/105552739478578/places-in/199377230079198/places/intersect/', 'https://www.facebook.com/Rubys-Bakery-1260838167371393/?ref=br_rs', 'https://www.facebook.com/search/105528606148010/places-in/273819889375819/places/intersect/', 'https://www.facebook.com/simplydeliciousal/?ref=br_rs', 'https://www.facebook.com/search/105552739478578/places-in/139433292785470/places/intersect/', 'https://www.facebook.com/TheHardGospel/?ref=br_rs', 'https://www.facebook.com/EighthRail/?ref=br_rs', 'https://www.facebook.com/search/113454375334943/places-in/273819889375819/places/intersect/']"
Missing the retired peach,https://www.facebook.com/galar3?fref=ufi&rc=p,Positive,650898171678963,"['https://www.facebook.com/thefootballrepublic/?ref=br_rs', 'https://www.facebook.com/SquawkaFootballNews/?ref=br_rs', 'https://www.facebook.com/FullTimeDEVILS/?ref=br_rs', 'https://www.facebook.com/RGalacticos/?ref=br_rs', 'https://www.facebook.com/BlueMoonRisingTV/?ref=br_rs', 'https://www.facebook.com/NouNation/?ref=br_rs']"
Best ever.  Would love to know where to get vanilla!!üòç,https://www.facebook.com/mary.r.mann.5?fref=ufi&rc=p,Positive,650898171678963,"['https://www.facebook.com/thefootballrepublic/?ref=br_rs', 'https://www.facebook.com/SquawkaFootballNews/?ref=br_rs', 'https://www.facebook.com/FullTimeDEVILS/?ref=br_rs', 'https://www.facebook.com/RGalacticos/?ref=br_rs', 'https://www.facebook.com/BlueMoonRisingTV/?ref=br_rs', 'https://www.facebook.com/NouNation/?ref=br_rs']"
Love this stuff considering I used to use nest quick I also drive to Publix to get it,https://www.facebook.com/profile.php?id=100009468554977&fref=ufi&rc=p,Positive,100009468554977,"['https://www.facebook.com/diplyhumor/?ref=br_rs', 'https://www.facebook.com/YLEssentialOilsMichelleGillard/?ref=br_rs', 'https://www.facebook.com/search/109831959046495/places-in/2214/places/intersect/', 'https://www.facebook.com/LoftMountainWay/?ref=br_rs', 'https://www.facebook.com/search/108038202551394/places-in/205359639482698/places/intersect/', 'https://www.facebook.com/LenoxAveChurchofGod/?ref=br_rs', 'https://www.facebook.com/search/108127182549256/places-in/170386086340798/places/intersect/', 'https://www.facebook.com/aujpoj/?ref=br_rs', 'https://www.facebook.com/lularoe.kristinemcdonald/?ref=br_rs', 'https://www.facebook.com/TrendFeedUK/?ref=br_rs', 'https://www.facebook.com/Florida-Gators-Logos-309461309070088/?ref=br_rs', 'https://www.facebook.com/pages/The-Ivy-House/173180996039703?ref=br_rs', 'https://www.facebook.com/search/112123518800704/places-in/192831537402299/places/intersect/', 'https://www.facebook.com/Oak-Ridge-Tennessee-163205977043982/?ref=br_rs', 'https://www.facebook.com/search/112657448749183/places-in/2500/places/intersect/', 'https://www.facebook.com/GoldenPavers/?ref=br_rs', 'https://www.facebook.com/search/108127182549256/places-in/124555004283973/places/intersect/', 'https://www.facebook.com/columbiacountyfairgrounds/?ref=br_rs', 'https://www.facebook.com/search/113262008687508/places-in/179943432047564/places/intersect/']"
Loved your milk when it was it the glass bottles,https://www.facebook.com/patricia.benton.908?fref=ufi&rc=p,Positive,100011428839050,"['https://www.facebook.com/Standlee.Forage/?ref=br_rs', 'https://www.facebook.com/search/112262392124192/places-in/2201/places/intersect/', 'https://www.facebook.com/HachiHachiCamden/?ref=br_rs', 'https://www.facebook.com/search/112310958780993/places-in/199035016778342/places/intersect/', 'https://www.facebook.com/FergusTheHorse/?ref=br_rs', 'https://www.facebook.com/Ouachita-County-4H-Club-691320591076810/?ref=br_rs', 'https://www.facebook.com/DoeLakeDairyGoats/?ref=br_rs', 'https://www.facebook.com/search/109612805732280/places-in/150815208309028/places/intersect/', 'https://www.facebook.com/discoverthehorse/?ref=br_rs', 'https://www.facebook.com/jandmwelding/?ref=br_rs', 'https://www.facebook.com/search/112310958780993/places-in/149998721725634/places/intersect/', 'https://www.facebook.com/NutrenaFeed/?ref=br_rs', 'https://www.facebook.com/A-Home-for-Fido-1456370761304843/?ref=br_rs', 'https://www.facebook.com/HPAnimalAlliance/?ref=br_rs', 'https://www.facebook.com/search/105475982818817/places-in/2603/places/intersect/', 'https://www.facebook.com/armandhammer/?ref=br_rs', 'https://www.facebook.com/TripleCrownFeed/?ref=br_rs', 'https://www.facebook.com/search/108736812484919/places-in/150815208309028/places/intersect/']"
"Thank you, cow! I love you!",https://www.facebook.com/christopher.maness.9?fref=ufi&rc=p,Positive,100000519764218,"['https://www.facebook.com/markiplier/?ref=br_rs', 'https://www.facebook.com/pages/Harry-Potter-film-series/109063035778508?ref=br_rs', 'https://www.facebook.com/PUBG/?ref=br_rs', 'https://www.facebook.com/AWEmeChannel/?ref=br_rs', 'https://www.facebook.com/LogitechG/?ref=br_rs', 'https://www.facebook.com/droptekofficial/?ref=br_rs', 'https://www.facebook.com/TheHogwartsSchool/?ref=br_rs', 'https://www.facebook.com/search/106078429431815/places-in/2612/places/intersect/', 'https://www.facebook.com/BethesdaSoftworks/?ref=br_rs', 'https://www.facebook.com/search/112197455462418/places-in/211579738882707/places/intersect/', 'https://www.facebook.com/ApplestoApples/?ref=br_rs', 'https://www.facebook.com/pages/GTA-Online/141112742766483?ref=br_rs', 'https://www.facebook.com/promisedlanddairy/?ref=br_rs', 'https://www.facebook.com/search/110297742331680/places-in/150108431712141/places/intersect/', 'https://www.facebook.com/CriticalMissions/?ref=br_rs']"
Our daughter brought us at least 10 pounds of strawberries on Monday. I made 24- 8 ounce jars of freezer jam. Sooooo good.,https://www.facebook.com/valerie.glasgowlucas?fref=ufi&rc=p,Positive,100000670838598,"['https://www.facebook.com/foodbyshared/?ref=br_rs', 'https://www.facebook.com/search/109870912368806/places-in/2233/places/intersect/', 'https://www.facebook.com/ThinkingHumanity/?ref=br_rs', 'https://www.facebook.com/PatientsRising/?ref=br_rs', 'https://www.facebook.com/search/110184922344060/places-in/2603/places/intersect/', 'https://www.facebook.com/promixgardening/?ref=br_rs', 'https://www.facebook.com/search/110925022261358/places-in/156555961070638/places/intersect/', 'https://www.facebook.com/diplyhumor/?ref=br_rs', 'https://www.facebook.com/TrilogyWickenburgRanch/?ref=br_rs', 'https://www.facebook.com/search/104047142964824/places-in/198327773511962/places/intersect/', 'https://www.facebook.com/CenterfieldCardsAndComics/?ref=br_rs', 'https://www.facebook.com/search/112701148745311/places-in/133510666716809/places/intersect/', 'https://www.facebook.com/FoodsAround/?ref=br_rs', 'https://www.facebook.com/search/111070818917271/places-in/2202/places/intersect/', 'https://www.facebook.com/HerculesRadioCo/?ref=br_rs', 'https://www.facebook.com/YourDailyDish/?ref=br_rs', 'https://www.facebook.com/nutrish/?ref=br_rs', 'https://www.facebook.com/democraticunderground/?ref=br_rs']"
Haven‚Äôt seen that milk in North Carolina. Like Too,https://www.facebook.com/profile.php?id=100017761387060&fref=ufi&rc=p,Positive,100017761387060,"['https://www.facebook.com/Obituaries.In.High.Point.North.Carolina/?ref=br_rs', 'https://www.facebook.com/I.Luv.Jesus.4ever/?ref=br_rs', 'https://www.facebook.com/Alot-Health-762148003833944/?ref=br_rs', 'https://www.facebook.com/InspiredLifePage/?ref=br_rs', 'https://www.facebook.com/peticaljubimci/?ref=br_rs', 'https://www.facebook.com/search/103735102998587/places-in/144982405562750/places/intersect/', 'https://www.facebook.com/allcuteallthetime/?ref=br_rs', 'https://www.facebook.com/search/111948542155151/places-in/192614304101075/places/intersect/', 'https://www.facebook.com/FranklinGraham/?ref=br_rs', 'https://www.facebook.com/followkiwireport/?ref=br_rs', 'https://www.facebook.com/gimmetest/?ref=br_rs', 'https://www.facebook.com/animalchannelbysbly/?ref=br_rs', 'https://www.facebook.com/i.lovebirds.andflowers/?ref=br_rs', 'https://www.facebook.com/wikr.daily/?ref=br_rs']"
The best chocolate milk I ever drank. Thumbs up. My daughter said the Strawberry was great also. Thanks to Kroger for giving it to me on the Free Friday Download I would of never tried it. ü§©,https://www.facebook.com/barbara.rhoades.94?fref=ufi&rc=p,Positive,100005816434760,"['https://www.facebook.com/PurpleFlowerSwati/?ref=br_rs', 'https://www.facebook.com/search/111948542155151/places-in/1602/places/intersect/', 'https://www.facebook.com/vixdotcom/?ref=br_rs', 'https://www.facebook.com/GeneralHospitalSpoilers/?ref=br_rs', 'https://www.facebook.com/PowerhouseRomanReigns/?ref=br_rs', 'https://www.facebook.com/search/109316785761748/places-in/1600/places/intersect/', 'https://www.facebook.com/mdshahin.khan.90260?ref=br_rs', 'https://www.facebook.com/Judys-Paint-Party-212214772280602/?ref=br_rs', 'https://www.facebook.com/search/104006346303593/places-in/440293872820865/places/intersect/', 'https://www.facebook.com/SKWrestling/?ref=br_rs', 'https://www.facebook.com/search/108424279189115/places-in/2709/places/intersect/', 'https://www.facebook.com/TheTinyStories/?ref=br_rs', 'https://www.facebook.com/DallasGetTheEwingsANewNetwork/?ref=br_rs', 'https://www.facebook.com/ThoughtfulWomen.org/?ref=br_rs', 'https://www.facebook.com/search/105540216147364/places-in/2233/places/intersect/', 'https://www.facebook.com/AltitudeofLouisville/?ref=br_rs', 'https://www.facebook.com/search/104006346303593/places-in/189334414420898/places/intersect/', 'https://www.facebook.com/wwe/?ref=br_rs', 'https://www.facebook.com/search/103133213059698/places-in/124584130946507/places/intersect/', 'https://www.facebook.com/exploredogs/?ref=br_rs']"
I do not like to be center of attention..do not like to be around a lot of people,https://www.facebook.com/jo.cleaver.106?fref=ufi&rc=p,Positive,100014096739611,"['https://www.facebook.com/houstonseagle/?ref=br_rs', 'https://www.facebook.com/search/115963528414384/places-in/2233/places/intersect/', 'https://www.facebook.com/quickerstickersandtees/?ref=br_rs', 'https://www.facebook.com/search/112663095413591/places-in/2239/places/intersect/', 'https://www.facebook.com/oneverystep/?ref=br_rs', 'https://www.facebook.com/ScottBrownLaw/?ref=br_rs', 'https://www.facebook.com/search/112907188722221/places-in/193005947395563/places/intersect/', 'https://www.facebook.com/thefactsnews/?ref=br_rs', 'https://www.facebook.com/search/112663095413591/places-in/197888373555475/places/intersect/', 'https://www.facebook.com/MrCookingPanda/?ref=br_rs', 'https://www.facebook.com/search/110970792260960/places-in/2233/places/intersect/', 'https://www.facebook.com/AWMAmerica/?ref=br_rs', 'https://www.facebook.com/shaynestillmusic/?ref=br_rs', 'https://www.facebook.com/search/112907188722221/places-in/179943432047564/places/intersect/', 'https://www.facebook.com/ryancarrawake1/?ref=br_rs', 'https://www.facebook.com/elpatio03/?ref=br_rs', 'https://www.facebook.com/search/112907188722221/places-in/212369748779358/places/intersect/', 'https://www.facebook.com/thevintagenews/?ref=br_rs', 'https://www.facebook.com/search/109360339083522/places-in/2233/places/intersect/', 'https://www.facebook.com/brightside/?ref=br_rs', 'https://www.facebook.com/search/102188499823036/places-in/2233/places/intersect/', 'https://www.facebook.com/houstonzoo/?ref=br_rs', 'https://www.facebook.com/search/115963528414384/places-in/1191146560918930/places/intersect/', 'https://www.facebook.com/homehacksofficial/?ref=br_rs', 'https://www.facebook.com/BrazoriaCountyAlzheimersAwarenessProject/?ref=br_rs', 'https://www.facebook.com/search/112907188722221/places-in/170968163319233/places/intersect/', 'https://www.facebook.com/freshandhomemade/?ref=br_rs', 'https://www.facebook.com/search/112760782070229/places-in/149803325077018/places/intersect/', 'https://www.facebook.com/rayj/?ref=br_rs', 'https://www.facebook.com/search/109557919063804/places-in/1601/places/intersect/', 'https://www.facebook.com/Xfinity/?ref=br_rs', 'https://www.facebook.com/laceylara01/?ref=br_rs', 'https://www.facebook.com/LilyonQuotes/?ref=br_rs', 'https://www.facebook.com/thefitnesscafe1/?ref=br_rs', 'https://www.facebook.com/SPF.Powdercoating/?ref=br_rs', 'https://www.facebook.com/search/112907188722221/places-in/176831012360626/places/intersect/', 'https://www.facebook.com/delish/?ref=br_rs', 'https://www.facebook.com/sungazing1/?ref=br_rs']"
Absolutely the best...super rich and super creamy!!  üòçüòç,https://www.facebook.com/laura.colwell.146?fref=ufi&rc=p,Positive,100009917972795,"['https://www.facebook.com/AlaskaNPS/?ref=br_rs', 'https://www.facebook.com/search/106199619411091/places-in/161422927240513/places/intersect/', 'https://www.facebook.com/MtAnteroTreasures/?ref=br_rs', 'https://www.facebook.com/search/106002936098658/places-in/188031587886173/places/intersect/', 'https://www.facebook.com/theoutposthunting/?ref=br_rs', 'https://www.facebook.com/search/103721789666390/places-in/171385766240459/places/intersect/', 'https://www.facebook.com/dqgainesvilletx/?ref=br_rs', 'https://www.facebook.com/search/103106633063103/places-in/200863816597800/places/intersect/', 'https://www.facebook.com/thegreenfrogrestaurant/?ref=br_rs', 'https://www.facebook.com/search/108272539193310/places-in/544264855604172/places/intersect/', 'https://www.facebook.com/fibrowire/?ref=br_rs', 'https://www.facebook.com/colwellmarket/?ref=br_rs', 'https://www.facebook.com/search/112008322148225/places-in/128157407253652/places/intersect/', 'https://www.facebook.com/TomSelleckFanPage/?ref=br_rs', 'https://www.facebook.com/DwayneJohnson/?ref=br_rs', 'https://www.facebook.com/promisedlanddairy/?ref=br_rs', 'https://www.facebook.com/search/110297742331680/places-in/150108431712141/places/intersect/', 'https://www.facebook.com/thenursespage/?ref=br_rs', 'https://www.facebook.com/AWMAmerica/?ref=br_rs']"
Shaemun Webster look it's oily alignment üòÇüòÇ,https://www.facebook.com/monique.henry.528?fref=ufi&rc=p,Positive,1811314706,[]
Love this milk!!,https://www.facebook.com/jldodd2?fref=ufi&rc=p,Positive,1628957503,"['https://www.facebook.com/diplytrending/?ref=br_rs', 'https://www.facebook.com/WildlifeinNeed.Inc/?ref=br_rs', 'https://www.facebook.com/search/107947562567063/places-in/2603/places/intersect/', 'https://www.facebook.com/NWSMemphis/?ref=br_rs', 'https://www.facebook.com/search/103123839728353/places-in/161422927240513/places/intersect/', 'https://www.facebook.com/theyardmilkshakebar/?ref=br_rs', 'https://www.facebook.com/tulumfreshmexicangrill/?ref=br_rs', 'https://www.facebook.com/search/107627202600803/places-in/199377230079198/places/intersect/', 'https://www.facebook.com/juicebargreenhills/?ref=br_rs', 'https://www.facebook.com/search/106220079409935/places-in/219222658110242/places/intersect/', 'https://www.facebook.com/cornerstonesouthaven/?ref=br_rs', 'https://www.facebook.com/search/104034969634202/places-in/192134360811676/places/intersect/', 'https://www.facebook.com/SWTDD/?ref=br_rs', 'https://www.facebook.com/search/107627202600803/places-in/161422927240513/places/intersect/', 'https://www.facebook.com/Wall-Street-Grill-120903111255770/?ref=br_rs', 'https://www.facebook.com/search/104076179629553/places-in/192831537402299/places/intersect/', 'https://www.facebook.com/healingwaterschurch/?ref=br_rs', 'https://www.facebook.com/search/107388389290374/places-in/192134360811676/places/intersect/', 'https://www.facebook.com/MurdockMedia/?ref=br_rs', 'https://www.facebook.com/search/106057819434480/places-in/169056916473899/places/intersect/', 'https://www.facebook.com/palladiumsigns/?ref=br_rs', 'https://www.facebook.com/search/109879902364655/places-in/187133811318958/places/intersect/']"
Love it,https://www.facebook.com/betty.morton.925?fref=ufi&rc=p,Positive,650898171678963,"['https://www.facebook.com/thefootballrepublic/?ref=br_rs', 'https://www.facebook.com/SquawkaFootballNews/?ref=br_rs', 'https://www.facebook.com/FullTimeDEVILS/?ref=br_rs', 'https://www.facebook.com/RGalacticos/?ref=br_rs', 'https://www.facebook.com/BlueMoonRisingTV/?ref=br_rs', 'https://www.facebook.com/NouNation/?ref=br_rs']"
Love it. Would like to see it in smsller 6 pack bottles. Please,https://www.facebook.com/profile.php?id=100013019719245&fref=ufi&rc=p,Positive,100013019719245,"['https://www.facebook.com/ireallylovemygrandkids/?ref=br_rs', 'https://www.facebook.com/search/105545799477946/places-in/2612/places/intersect/', 'https://www.facebook.com/AWMAmerica/?ref=br_rs', 'https://www.facebook.com/DisneySuperFan/?ref=br_rs', 'https://www.facebook.com/faithfamilyamerica/?ref=br_rs', 'https://www.facebook.com/search/111948542155151/places-in/191684877517919/places/intersect/', 'https://www.facebook.com/The45thPresident/?ref=br_rs', 'https://www.facebook.com/Famificom/?ref=br_rs', 'https://www.facebook.com/search/106057819434480/places-in/2709/places/intersect/', 'https://www.facebook.com/FamifiHusband/?ref=br_rs', 'https://www.facebook.com/WesternJournal/?ref=br_rs', 'https://www.facebook.com/wsbtv/?ref=br_rs', 'https://www.facebook.com/search/107991659233606/places-in/1404/places/intersect/', 'https://www.facebook.com/FranklinGraham/?ref=br_rs', 'https://www.facebook.com/magiquiz/?ref=br_rs', 'https://www.facebook.com/WD-Americans-Online-1969250316633715/?ref=br_rs']"
