promisedlanddairy,6
AndMyCat,4
facebook,4
DailyCaller,4
FranklinGraham,4
rieus.azizi,4
diply,3
InspiredLifePage,3
boredpanda,3
wikr.daily,3
littlethingscom,3
humanesociety,3
iHeartDogscom,3
AWMAmerica,3
theanimalrescuesite,3
JumbleJoycom,3
theinquisitr,3
NationInDistress,3
thefavesusa,3
KrispyKreme,3
sharedofficial1,3
ChickfilA,2
TheBreastCancerSite,2
aspca,2
Republicansareidiots1,2
SparklingIce,2
NTDNews,2
allcuteallthetime,2
WesternJournal,2
AllenBWest,2
Slow-Cooker-Kitchen-1738388863062751,2
medicalmedium,2
womenworking,2
hotpockets,2
purinacatchow,2
JungleVT,2
NTDTelevision,2
iawlfans,2
steaknshake,2
Yankees,2
shared.vintage,2
numbersusa,2
thedailysmiles,2
walmart,2
NTDLifeOfficial,2
breyers,2
thecrochetspace,2
mikehuckabee,2
nametestscom-English-1072039129479100,2
TheVeteransSite,2
