AggieOutfitters,3
AggieFootball,2
aggiembk,2
nutraboltoktoberfesthalf,2
dogsforsaleintx,2
CountryLiving,2
gigem247,2
Gallery.Furniture.1,2
WarehouseAtCC,2
AggieNetwork,2
AggieAthletics,2
tamu,2
bellyfull.net,1
Porch.Sitting.UoA,1
healthyworldrecipes,1
SECcountry,1
RobbinsBrothersDallas,1
TheHungerGamesMovie,1
evergreenfarmschristmastrees,1
LuxuryExperiences,1
HoustonCarScene,1
dubaiunlimited1,1
SignatureSanAntonio,1
Foot-Heaven-Round-Rock-1718275728451211,1
belifUSA,1
GoldenBoyBoxing,1
AmericanJournalReview,1
KitchenCraftyFun,1
TristarVegas,1
roxy,1
NewYorkCityPhotos,1
sarahmckenziephoto,1
SchoolOutfitters,1
BaseballSoftballaroundtheWorld,1
Broncos,1
architecturaldigest,1
RealMattRoloff,1
DeliriousAlexK,1
thebestcakerecipes,1
TheBachelorette,1
CountdownToChristmas,1
heyirisdotcom,1
bathandbodyworks,1
HGTV,1
thesixofone,1
Modmanofficial,1
TexasChildrensHospital,1
DelWebbHomes,1
downtownhutto,1
bareminerals,1
