jjwatt1,7
target,7
tamu,6
HEB,6
Starbucks,6
OneCountry,5
TheWalkingDeadAMC,5
ChickfilA,5
TheNotebookMovie,5
buzzfeedtasty,5
BuzzFeedVideo,5
FamilyGuy,4
JamesAvery,4
walmart,4
MrCianTwomey,4
HoustonTexans,4
NBCTheVoice,4
georgestrait,4
ElfMovie,4
mirandalambert,4
twilight,4
FoodNetwork,4
netflixus,4
ellentv,4
wranglerjeans,4
AmericanIdol,3
iTunes,3
DearJohnMovie,3
FamilyFeud2,3
AggieOutfitters,3
House,3
SouthernFriedChicsBoutique,3
BuzzFeed,3
BringingHomeTheBrowns,3
Academy,3
k.itsines,3
Pandora,3
texags,3
TheCodyJohnsonBand,3
meawwcom,3
DrPepper,3
DonaldTrump,3
officialclaywalker,3
GabrielIglesias,3
texasparksandwildlife,3
carrieunderwood,3
imomsohard,3
humansofnewyork,3
AuthenticTexan,3
AggieCorps,3
