upfriendly,1
GracefullyblessPhotos,1
Miss-Clayton-2018-Lauren-Walsh-254189841698928,1
OZY,1
carolsdaughter,1
FarmHeroes,1
SAFETYtipsnc,1
pages/New-Super-Mario-Bros-Wii/109466302405577,1
CallofDuty,1
TopRankMannyPacquiao,1
BestJoelOsteenQuotes,1
CousinCouture,1
StandUpAmerica,1
CSIMiami,1
cookiemomsterNC,1
floydmayweather,1
AFSPUNC,1
greenontheinside,1
BloblaOfficial,1
ConcordCares,1
Miss-Carolina-Foothills-1825305601094857,1
JoelOsteen,1
NYCCHR,1
ElectButchLawter2018,1
Kobe,1
Mets,1
TheHaitianAmerican,1
LindaCraftTeam,1
chicagobulls,1
misswinstonsalem,1
harlemfoodbar,1
PoliticsNation,1
SallySaidSoDogTraining,1
Enyinnayaart,1
Beckham,1
claytonhighschool,1
SportsCulturePage,1
collinthrashphoto,1
matthewsmotorswilmington,1
claytonsbehavioranalyst,1
NYKnicks,1
GiveMeSport,1
Serving-Our-Soldiers-698202046862251,1
codepinkalert,1
newsbreaknow,1
ajplusenglish,1
GlobodyByShannon,1
harbourclubsalonandspa,1
transformers,1
pages/Lil-Jon/112541118758301,1
